{"camera_intrinsic": [[1252.8131021185304, 0.0, 826.588114781398], [0.0, 1252.8131021185304, 469.9846626224581], [0.0, 0.0, 1.0]], "camera_to_ego_rotation": [0.5077241387638071, -0.4973392230703816, 0.49837167536166627, -0.4964832014373754], "camera_to_ego_translation": [1.72200568478, 0.00475453292289, 1.49491291905], "bbox_center": [-3.960746805511638, 0.9412338893167501, 12.753004733627492], "bbox_wlh": [2.019, 4.625, 1.868], "bbox_corners": [[-2.4553244245159407, -0.004704412877159392, 14.772412241596044], [-1.4766816866566863, -0.06068296835686848, 13.007338364116194], [-1.4229986116235045, 1.806313291044844, 12.977891890048854], [-2.401641349482759, 1.8622918465245533, 14.742965767528704], [-6.498494999399772, 0.07615448758865606, 12.52811757720613], [-5.5198522615405174, 0.02017593210894697, 10.76304369972628], [-5.466169186507336, 1.8871721915106596, 10.73359722565894], [-6.44481192436659, 1.9431507469903688, 12.49867110313879]], "bbox_corners_pix": [[618.3578976254172, 469.58569256977535], [684.3602344176745, 464.1399297720649], [689.2197871637687, 644.3560456424552], [622.5038215214549, 628.2366495078322], [176.73791748500707, 477.60011955349586], [184.0799704362785, 472.33313140124653], [188.5831448462072, 690.2532266250682], [180.5878518007564, 664.7577465073194]], "bottom_corner": [[-1.4229986116235045, 1.806313291044844, 12.977891890048854], [-2.401641349482759, 1.8622918465245533, 14.742965767528704], [-6.44481192436659, 1.9431507469903688, 12.49867110313879], [-5.466169186507336, 1.8871721915106596, 10.73359722565894]], "bottom_corner_pix": [[689.2197871637687, 644.3560456424552], [622.5038215214549, 628.2366495078322], [180.5878518007564, 664.7577465073194], [188.5831448462072, 690.2532266250682]]}