{"camera_intrinsic": [[1252.8131021185304, 0.0, 826.588114781398], [0.0, 1252.8131021185304, 469.9846626224581], [0.0, 0.0, 1.0]], "camera_to_ego_rotation": [0.5077241387638071, -0.4973392230703816, 0.49837167536166627, -0.4964832014373754], "camera_to_ego_translation": [1.72200568478, 0.00475453292289, 1.49491291905], "bbox_center": [-2.444473996787722, 0.9176402923406956, 13.959179276679144], "bbox_wlh": [2.019, 4.625, 1.868], "bbox_corners": [[-1.2329002670038158, -0.01660604060495896, 16.17240664563045], [-0.018032229424533863, -0.07702544771099828, 14.560945772226065], [0.035593771231469784, 1.7899704664047722, 14.53137367847773], [-1.1792742663478126, 1.8503898735108115, 16.142834551882114], [-4.924541764806914, 0.045310118276618905, 13.386984874880559], [-3.7096737272276314, -0.01510928882942042, 11.775524001476175], [-3.6560477265716282, 1.8518866252863502, 11.74595190772784], [-4.87091576415091, 1.9123060323923893, 13.357412781132224]], "bbox_corners_pix": [[731.0801522404522, 468.69825759319633], [825.0366349780356, 463.35744955550547], [829.656809038338, 624.305823328583], [735.0669976489979, 613.5897197213994], [365.72777150450617, 474.22498337922553], [431.91116881508276, 468.3771660043188], [436.6372168208738, 667.5052932211923], [369.73713707831195, 649.3429030165545]], "bottom_corner": [[0.035593771231469784, 1.7899704664047722, 14.53137367847773], [-1.1792742663478126, 1.8503898735108115, 16.142834551882114], [-4.87091576415091, 1.9123060323923893, 13.357412781132224], [-3.6560477265716282, 1.8518866252863502, 11.74595190772784]], "bottom_corner_pix": [[829.656809038338, 624.305823328583], [735.0669976489979, 613.5897197213994], [369.73713707831195, 649.3429030165545], [436.6372168208738, 667.5052932211923]]}