{"camera_intrinsic": [[1252.8131021185304, 0.0, 826.588114781398], [0.0, 1252.8131021185304, 469.9846626224581], [0.0, 0.0, 1.0]], "camera_to_ego_rotation": [0.5077241387638071, -0.4973392230703816, 0.49837167536166627, -0.4964832014373754], "camera_to_ego_translation": [1.72200568478, 0.00475453292289, 1.49491291905], "bbox_center": [-0.7939236930767439, 0.8975306599962951, 15.54167951062455], "bbox_wlh": [2.019, 4.625, 1.868], "bbox_corners": [[0.18137866333962305, -0.02759899933684873, 17.872349570283536], [1.5580254385479937, -0.0905014958599476, 16.39679952632042], [1.6113639539722135, 1.7764986046879614, 16.36697290521716], [0.2347171787638429, 1.8394011012110603, 17.842522949180278], [-3.1992113401257014, 0.01856271530462883, 14.716386116031941], [-1.8225645649173308, -0.04433978121847004, 13.240836072068824], [-1.769226049493111, 1.8226603193294388, 13.211009450965566], [-3.1458728247014816, 1.8855628158525377, 14.686559494928682]], "bbox_corners_pix": [[839.3023673189854, 468.0500323804414], [945.6305339872711, 463.069809538314], [949.9302798542327, 605.967091428149], [843.0687861351736, 599.1382473599988], [554.2376986021599, 471.5649155976909], [654.1418467393052, 465.789349082345], [658.8106573780672, 642.8293447220967], [558.2345433581145, 630.8295358811177]], "bottom_corner": [[1.6113639539722135, 1.7764986046879614, 16.36697290521716], [0.2347171787638429, 1.8394011012110603, 17.842522949180278], [-3.1458728247014816, 1.8855628158525377, 14.686559494928682], [-1.769226049493111, 1.8226603193294388, 13.211009450965566]], "bottom_corner_pix": [[949.9302798542327, 605.967091428149], [843.0687861351736, 599.1382473599988], [558.2345433581145, 630.8295358811177], [658.8106573780672, 642.8293447220967]]}