{"camera_intrinsic": [[1252.8131021185304, 0.0, 826.588114781398], [0.0, 1252.8131021185304, 469.9846626224581], [0.0, 0.0, 1.0]], "camera_to_ego_rotation": [0.5077241387638071, -0.4973392230703816, 0.49837167536166627, -0.4964832014373754], "camera_to_ego_translation": [1.72200568478, 0.00475453292289, 1.49491291905], "bbox_center": [0.7641880400816499, 0.8813775843560577, 17.21191188650779], "bbox_wlh": [2.019, 4.625, 1.868], "bbox_corners": [[1.6169627909886328, -0.03925649089012462, 19.591893109902447], [3.0689656036169217, -0.10325598917297052, 18.19048207229104], [3.122309462904498, 1.7637413054703037, 18.160489832111292], [1.670306650276209, 1.8277408037531497, 19.5619008697227], [-1.5939333827411981, -0.0009861367581883718, 16.263333940904285], [-0.14193057011290933, -0.06498563504103427, 14.861922903292879], [-0.08858671082533298, 1.8020116596022402, 14.83193066311313], [-1.540589523453622, 1.866011157885086, 16.233341700724537]], "bbox_corners_pix": [[929.9855842768198, 467.4743872828337], [1037.9536136660647, 462.87322623534016], [1041.9826465455594, 591.6574939540099], [933.5604417529848, 587.0396278565734], [703.8026740434548, 469.9086975678372], [814.6238165552775, 464.50657909594065], [819.1054347098429, 622.1957178517434], [707.692647935955, 613.9946434629072]], "bottom_corner": [[3.122309462904498, 1.7637413054703037, 18.160489832111292], [1.670306650276209, 1.8277408037531497, 19.5619008697227], [-1.540589523453622, 1.866011157885086, 16.233341700724537], [-0.08858671082533298, 1.8020116596022402, 14.83193066311313]], "bottom_corner_pix": [[1041.9826465455594, 591.6574939540099], [933.5604417529848, 587.0396278565734], [707.692647935955, 613.9946434629072], [819.1054347098429, 622.1957178517434]]}