{"camera_intrinsic": [[1252.8131021185304, 0.0, 826.588114781398], [0.0, 1252.8131021185304, 469.9846626224581], [0.0, 0.0, 1.0]], "camera_to_ego_rotation": [0.5077241387638071, -0.4973392230703816, 0.49837167536166627, -0.4964832014373754], "camera_to_ego_translation": [1.72200568478, 0.00475453292289, 1.49491291905], "bbox_center": [2.521509919857836, 0.8693457844060979, 19.301416329495535], "bbox_wlh": [2.019, 4.625, 1.868], "bbox_corners": [[3.2075383338566104, -0.04510301654116866, 21.73703758610183], [4.753617768262213, -0.11041027196762931, 20.440220580932362], [4.806978472583638, 1.7565798850750047, 20.409816818990045], [3.260899038178035, 1.8218871405014654, 21.706633824159518], [0.23604136713203427, -0.017888316262808845, 18.193015840001024], [1.7821208015376373, -0.0831955716892695, 16.89619883483155], [1.8354815058590617, 1.7837945853533643, 16.865795072889238], [0.2894020714534591, 1.849101840779825, 18.162612078058707]], "bbox_corners_pix": [[1011.4544303630717, 467.3851524617923], [1117.944785760665, 463.2174442951495], [1121.6542422956431, 577.8085747357823], [1014.793115741437, 575.1361153392351], [842.8424686491493, 468.75283183717323], [958.7281488535401, 463.8159081428593], [962.9300583007293, 602.4872347431779], [846.5503705042482, 597.5312403572209]], "bottom_corner": [[4.806978472583638, 1.7565798850750047, 20.409816818990045], [3.260899038178035, 1.8218871405014654, 21.706633824159518], [0.2894020714534591, 1.849101840779825, 18.162612078058707], [1.8354815058590617, 1.7837945853533643, 16.865795072889238]], "bottom_corner_pix": [[1121.6542422956431, 577.8085747357823], [1014.793115741437, 575.1361153392351], [846.5503705042482, 597.5312403572209], [962.9300583007293, 602.4872347431779]]}