{"camera_intrinsic": [[1252.8131021185304, 0.0, 826.588114781398], [0.0, 1252.8131021185304, 469.9846626224581], [0.0, 0.0, 1.0]], "camera_to_ego_rotation": [0.5077241387638071, -0.4973392230703816, 0.49837167536166627, -0.4964832014373754], "camera_to_ego_translation": [1.72200568478, 0.00475453292289, 1.49491291905], "bbox_center": [4.374659586193129, 0.8603623940094806, 21.89606970672536], "bbox_wlh": [2.019, 4.625, 1.868], "bbox_corners": [[4.80392809070598, -0.04557039307030719, 24.39289105322317], [6.477167349726386, -0.1116210404130179, 23.264942165170858], [6.530306591542976, 1.755373876231904, 23.234442948768194], [4.85706733252257, 1.8214245235746147, 24.362391836820507], [2.2190125808432817, -0.03464908821294299, 20.557696464682525], [3.892251839863688, -0.1006997355556537, 19.429747576630213], [3.945391081680278, 1.7662951810892684, 19.39924836022755], [2.2721518226598723, 1.8323458284319791, 20.52719724827986]], "bbox_corners_pix": [[1073.3167227409888, 467.64417803690384], [1175.3824536085017, 463.9738889481147], [1178.70560159938, 564.6353239750476], [1076.3582372231326, 563.6497067995033], [961.8176644453054, 467.87310154535925], [1077.5571035700777, 463.4916318928291], [1081.3834320187652, 584.0528834105495], [965.2617748530049, 581.8161432530727]], "bottom_corner": [[6.530306591542976, 1.755373876231904, 23.234442948768194], [4.85706733252257, 1.8214245235746147, 24.362391836820507], [2.2721518226598723, 1.8323458284319791, 20.52719724827986], [3.945391081680278, 1.7662951810892684, 19.39924836022755]], "bottom_corner_pix": [[1178.70560159938, 564.6353239750476], [1076.3582372231326, 563.6497067995033], [965.2617748530049, 581.8161432530727], [1081.3834320187652, 584.0528834105495]]}