{"camera_intrinsic": [[1252.8131021185304, 0.0, 826.588114781398], [0.0, 1252.8131021185304, 469.9846626224581], [0.0, 0.0, 1.0]], "camera_to_ego_rotation": [0.5077241387638071, -0.4973392230703816, 0.49837167536166627, -0.4964832014373754], "camera_to_ego_translation": [1.72200568478, 0.00475453292289, 1.49491291905], "bbox_center": [6.105790527026372, 0.8636229558050197, 24.792576342078608], "bbox_wlh": [2.019, 4.625, 1.868], "bbox_corners": [[6.317106037866744, -0.03514633266704725, 27.319760945738913], [8.082367850708494, -0.10137836781313758, 26.34209789046728], [8.135342933682374, 1.7656158049676027, 26.311269342225906], [6.370081120840622, 1.831847840113693, 27.28893239749754], [4.076238120370371, -0.038369893357563356, 23.27388334193131], [5.841499933212122, -0.10460192850365368, 22.296220286659675], [5.894475016185999, 1.7623922442770867, 22.2653917384183], [4.129213203344249, 1.828624279423177, 23.243054793689936]], "bbox_corners_pix": [[1116.2741492759974, 468.3729433199303], [1210.9802911985043, 465.16317315735165], [1213.9530907914243, 554.0545942171698], [1119.0334539211167, 554.0833346317895], [1046.0085032712907, 467.9192442984502], [1154.8189789486025, 464.10713428575383], [1158.2542097302737, 569.1496861101277], [1049.1549180053405, 568.5484906755313]], "bottom_corner": [[8.135342933682374, 1.7656158049676027, 26.311269342225906], [6.370081120840622, 1.831847840113693, 27.28893239749754], [4.129213203344249, 1.828624279423177, 23.243054793689936], [5.894475016185999, 1.7623922442770867, 22.2653917384183]], "bottom_corner_pix": [[1213.9530907914243, 554.0545942171698], [1119.0334539211167, 554.0833346317895], [1049.1549180053405, 568.5484906755313], [1158.2542097302737, 569.1496861101277]]}