{"camera_intrinsic": [[1252.8131021185304, 0.0, 826.588114781398], [0.0, 1252.8131021185304, 469.9846626224581], [0.0, 0.0, 1.0]], "camera_to_ego_rotation": [0.5077241387638071, -0.4973392230703816, 0.49837167536166627, -0.4964832014373754], "camera_to_ego_translation": [1.72200568478, 0.00475453292289, 1.49491291905], "bbox_center": [7.994825771563544, 0.864739908760919, 28.109156533059], "bbox_wlh": [2.019, 4.625, 1.868], "bbox_corners": [[8.206018981070724, -0.03403757338309754, 30.63634844620072], [9.971335864236256, -0.10023181230733902, 29.658782272101], [10.024277643112532, 1.7667635015413286, 29.627965618867293], [8.258960759947, 1.83295774046557, 30.605531792967014], [5.965373900014557, -0.03728368401949056, 26.590347447250707], [7.730690783180089, -0.10347792294373193, 25.612781273150986], [7.783632562056365, 1.7635173909049355, 25.58196461991728], [6.018315678890833, 1.829711629829177, 26.559530794017]], "bbox_corners_pix": [[1162.1570914096708, 468.59276312851057], [1247.7861296469841, 465.75078253406883], [1250.4628597476155, 544.6919338387532], [1164.662104801793, 545.0153299024344], [1107.6486987320175, 468.2280293957759], [1204.7239602527195, 464.92318584407263], [1207.7721638058615, 556.3485414708971], [1110.4720731869543, 556.2921625826991]], "bottom_corner": [[10.024277643112532, 1.7667635015413286, 29.627965618867293], [8.258960759947, 1.83295774046557, 30.605531792967014], [6.018315678890833, 1.829711629829177, 26.559530794017], [7.783632562056365, 1.7635173909049355, 25.58196461991728]], "bottom_corner_pix": [[1250.4628597476155, 544.6919338387532], [1164.662104801793, 545.0153299024344], [1110.4720731869543, 556.2921625826991], [1207.7721638058615, 556.3485414708971]]}