{"camera_intrinsic": [[1252.8131021185304, 0.0, 826.588114781398], [0.0, 1252.8131021185304, 469.9846626224581], [0.0, 0.0, 1.0]], "camera_to_ego_rotation": [0.5077241387638071, -0.4973392230703816, 0.49837167536166627, -0.4964832014373754], "camera_to_ego_translation": [1.72200568478, 0.00475453292289, 1.49491291905], "bbox_center": [9.453434250911261, 0.7882530394144206, 31.62858311680913], "bbox_wlh": [2.019, 4.625, 1.868], "bbox_corners": [[9.533082559647868, -0.10616718175601669, 34.16487393508625], [11.347127463209894, -0.17224291619668253, 33.28099833004968], [11.399947118959119, 1.694750079581933, 33.249833643622196], [9.585902215397095, 1.7608258140225987, 34.13370924865877], [7.506921382863403, -0.11824400075309183, 30.007332589996064], [9.320966286425428, -0.18431973519375766, 29.12345698495949], [9.373785942174655, 1.682673260584858, 29.09229229853201], [7.559741038612629, 1.7487489950255237, 29.97616790356858]], "bbox_corners_pix": [[1176.162673639619, 466.09155192134284], [1253.7336533959283, 463.500837227008], [1256.1241920793327, 533.8407747243581], [1178.420486809598, 534.6124367177307], [1140.0038253187756, 465.0479481395529], [1227.551114952345, 462.05572137935593], [1230.2552347286107, 542.4462990522417], [1142.53719313806, 543.0712446142734]], "bottom_corner": [[11.399947118959119, 1.694750079581933, 33.249833643622196], [9.585902215397095, 1.7608258140225987, 34.13370924865877], [7.559741038612629, 1.7487489950255237, 29.97616790356858], [9.373785942174655, 1.682673260584858, 29.09229229853201]], "bottom_corner_pix": [[1256.1241920793327, 533.8407747243581], [1178.420486809598, 534.6124367177307], [1142.53719313806, 543.0712446142734], [1230.2552347286107, 542.4462990522417]]}