{"camera_intrinsic": [[1252.8131021185304, 0.0, 826.588114781398], [0.0, 1252.8131021185304, 469.9846626224581], [0.0, 0.0, 1.0]], "camera_to_ego_rotation": [0.5077241387638071, -0.4973392230703816, 0.49837167536166627, -0.4964832014373754], "camera_to_ego_translation": [1.72200568478, 0.00475453292289, 1.49491291905], "bbox_center": [11.15359516486245, 0.806740318284152, 35.34813865790492], "bbox_wlh": [2.019, 4.625, 1.868], "bbox_corners": [[11.233356798358567, -0.08738302500827644, 37.884530589133526], [13.047366320293532, -0.15354217379639823, 37.0005886106299], [13.100164377680002, 1.7134477467763456, 36.96920387523207], [11.286154855745039, 1.7796068955644675, 37.8531458537357], [9.207025952044898, -0.0999671102080415, 33.72707344057777], [11.021035473979861, -0.1661262589961634, 32.84313146207414], [11.073833531366333, 1.7008636615765806, 32.81174672667631], [9.259824009431368, 1.7670228103647023, 33.69568870517994]], "bbox_corners_pix": [[1198.0668254557897, 467.09497131757166], [1268.362478054845, 464.78583594745146], [1270.526740770025, 528.0500132911274], [1200.12226516485, 528.8837259657923], [1168.5888153340156, 466.27132219076555], [1246.9894902306046, 463.64771652105895], [1249.4075353487278, 534.926779172688], [1170.870403943928, 535.6829585657872]], "bottom_corner": [[13.100164377680002, 1.7134477467763456, 36.96920387523207], [11.286154855745039, 1.7796068955644675, 37.8531458537357], [9.259824009431368, 1.7670228103647023, 33.69568870517994], [11.073833531366333, 1.7008636615765806, 32.81174672667631]], "bottom_corner_pix": [[1270.526740770025, 528.0500132911274], [1200.12226516485, 528.8837259657923], [1170.870403943928, 535.6829585657872], [1249.4075353487278, 534.926779172688]]}