{"camera_intrinsic": [[1252.8131021185304, 0.0, 826.588114781398], [0.0, 1252.8131021185304, 469.9846626224581], [0.0, 0.0, 1.0]], "camera_to_ego_rotation": [0.5077241387638071, -0.4973392230703816, 0.49837167536166627, -0.4964832014373754], "camera_to_ego_translation": [1.72200568478, 0.00475453292289, 1.49491291905], "bbox_center": [12.885417038562085, 0.7638884486748199, 39.088456426761674], "bbox_wlh": [2.019, 4.625, 1.868], "bbox_corners": [[12.94759144313611, -0.12962780120899275, 41.62555428743032], [14.767784798658521, -0.19550720043581749, 40.754395832687685], [14.82030710392193, 1.6714894396842492, 40.72294820590603], [13.00011374839952, 1.737368838911074, 41.59410666064866], [10.95052697320224, -0.1437125423346094, 37.45396464761732], [12.77072032872465, -0.20959194156143413, 36.582806192874685], [12.82324263398806, 1.6574046985586324, 36.55135856609303], [11.00304927846565, 1.723284097785457, 37.42251702083566]], "bbox_corners_pix": [[1216.2745100382876, 466.08322730145187], [1280.5581444434995, 463.97466106900475], [1282.524527423569, 521.4068695683071], [1218.1511062865068, 522.3141539698341], [1192.87680534337, 465.1775625552288], [1263.9336171183381, 462.8069866097916], [1266.1101192632789, 526.7929018596519], [1194.9429288534361, 527.675942318479]], "bottom_corner": [[14.82030710392193, 1.6714894396842492, 40.72294820590603], [13.00011374839952, 1.737368838911074, 41.59410666064866], [11.00304927846565, 1.723284097785457, 37.42251702083566], [12.82324263398806, 1.6574046985586324, 36.55135856609303]], "bottom_corner_pix": [[1282.524527423569, 521.4068695683071], [1218.1511062865068, 522.3141539698341], [1194.9429288534361, 527.675942318479], [1266.1101192632789, 526.7929018596519]]}