{"camera_intrinsic": [[1252.8131021185304, 0.0, 826.588114781398], [0.0, 1252.8131021185304, 469.9846626224581], [0.0, 0.0, 1.0]], "camera_to_ego_rotation": [0.5077241387638071, -0.4973392230703816, 0.49837167536166627, -0.4964832014373754], "camera_to_ego_translation": [1.72200568478, 0.00475453292289, 1.49491291905], "bbox_center": [14.620930455601297, 0.7157621777496175, 42.826729676934974], "bbox_wlh": [2.019, 4.625, 1.868], "bbox_corners": [[14.665725066708355, -0.17744022195855136, 45.36430438834178], [16.491912862584964, -0.24307572750130635, 44.50576428176348], [16.54429645676037, 1.6239271519487708, 44.47445602109022], [14.718108660883761, 1.6895626574915257, 45.332996127668515], [12.697564454442222, -0.19240279644953584, 41.17900333277973], [14.523752250318832, -0.2580383019922907, 40.32046322620143], [14.576135844494239, 1.6089645774577863, 40.28915496552817], [12.749948048617629, 1.6746000830005414, 41.147695072106465]], "bbox_corners_pix": [[1231.6072760663264, 465.08434643972777], [1290.8265083170788, 463.1422128603851], [1292.6289215882011, 515.729510224027], [1233.3346557960415, 516.6770592201689], [1212.8936060766853, 464.1310788839623], [1277.8613803945498, 461.9670522152868], [1279.8409561444494, 520.0162878875797], [1214.7824459255226, 520.9707730501608]], "bottom_corner": [[16.54429645676037, 1.6239271519487708, 44.47445602109022], [14.718108660883761, 1.6895626574915257, 45.332996127668515], [12.749948048617629, 1.6746000830005414, 41.147695072106465], [14.576135844494239, 1.6089645774577863, 40.28915496552817]], "bottom_corner_pix": [[1292.6289215882011, 515.729510224027], [1233.3346557960415, 516.6770592201689], [1214.7824459255226, 520.9707730501608], [1279.8409561444494, 520.0162878875797]]}