{"token": "1c5f1efab9db43c7accd3902b2b2ac4f", "timestamp": 1532621936162404, "rotation": [0.2752160401328383, 0.005665878653309662, 0.007003959737405281, 0.9613401966113154], "translation": [1889.1215349397135, 1076.9885835763268, 0.0]}