{"token": "81db52a85f90432ca89b6f427ff8d2b1", "timestamp": 1532621936662404, "rotation": [0.2752484737310009, 0.005694479605693129, 0.006980114227752317, 0.9613309152503847], "translation": [1889.122383996994, 1076.9899449782165, 0.0]}