{"token": "b9e569c874e54e54b5fd134bcd5b7354", "timestamp": 1532621937162404, "rotation": [0.27524146095670515, 0.005739677044743537, 0.006887868224511048, 0.961333319691543], "translation": [1889.1231076844158, 1076.9910939692224, 0.0]}