{"token": "5c02e22ea4814aa6bf00b3f2872f6c8e", "timestamp": 1532621937662404, "rotation": [0.2752447737438497, 0.005782830388876244, 0.006877466732631216, 0.9613321870460452], "translation": [1889.123717651017, 1076.992075101105, 0.0]}