{"token": "c5637fa9c58a4b60af4aa471543dca02", "timestamp": 1532621938162404, "rotation": [0.275186543487405, 0.005889835590144375, 0.006852948498053698, 0.9613483828545503], "translation": [1889.1242312018085, 1076.992915025524, 0.0]}