{"token": "fdafc5afad4d479c8566976ea2c00e65", "timestamp": 1532621938662404, "rotation": [0.2752004031183144, 0.005898822413371669, 0.006788916341042097, 0.9613448146386224], "translation": [1889.1246732345185, 1076.9936315228665, 0.0]}