{"token": "cfea2bff2dc14124b226d61a04cf9f04", "timestamp": 1532621939162404, "rotation": [0.27522014445353926, 0.005972293665525527, 0.006723033929720473, 0.961339172514116], "translation": [1889.125061810597, 1076.994239677299, 0.0]}