{"token": "5ba232a6947647ee90606831a288e8cf", "timestamp": 1532621939662404, "rotation": [0.27524669360085785, 0.005967039899007937, 0.006715116474397425, 0.9613316593701545], "translation": [1889.125393898571, 1076.9947617823805, 0.0]}