{"token": "d80167ca171346b5add30fbfc7a5959b", "timestamp": 1532621940162404, "rotation": [0.2752225220664703, 0.006048020216105996, 0.006659028661740583, 0.9613384638804997], "translation": [1889.1256759387493, 1076.9952121348301, 0.0]}