{"token": "05d582052d4c40b99b11d21f4bd47806", "timestamp": 1532621940662404, "rotation": [0.27520404359743544, 0.006103156350147164, 0.006637945774740284, 0.9613435512583824], "translation": [1889.1259121481025, 1076.9956034212755, 0.0]}