{"token": "a5b7be2b29214cceb22ec74718b56991", "timestamp": 1532621941162404, "rotation": [0.2752290333207713, 0.006099948552080631, 0.006562137831650452, 0.9613369379109773], "translation": [1889.126119402164, 1076.9959356366285, 0.0]}