{"token": "58caaa9b3d174b35b73d8f8d921e70b2", "timestamp": 1532621941662404, "rotation": [0.2751995989734656, 0.006053908338170078, 0.006536411933398989, 0.9613458307173928], "translation": [1889.1262945142385, 1076.9962239682031, 0.0]}