{"pos": [[14.28590677678335, 4.23922904939395, -0.3104031228122752], [15.796425219704432, 2.656403679163607, -0.33246358904639683], [17.18597794923411, 0.9979918399505635, -0.3137554956969614], [18.86365874710373, -0.6133055043958002, -0.25511221229680753], [21.140883944080535, -2.4955546725173656, -0.1889266841361009], [23.60609597914127, -4.192393078936883, -0.19444935109673245], [26.22269793172274, -5.912584488737236, -0.06327897863818113], [29.811056111441008, -7.726532868554253, -0.09414554618079317], [33.222134009993404, -9.327009853228406, -0.09462922912362305], [37.086204657489944, -11.031769484238092, -0.028249130632944455], [41.27633182563355, -12.985039669379487, -0.13734835193185588], [45.06288222721689, -14.698047760047801, -0.06153182403831008]], "rot": [[[0.535540913204657, 0.844509283701706, -5.055041250056475e-06], [-0.8445092837070514, 0.5355409132176713, 1.607896405710251e-06], [4.0650648492588e-06, 3.407934955738519e-06, 0.9999999999859305]], [[0.6003636851745526, 0.7997271068406497, -1.0388194028493846e-05], [-0.7997271067281226, 0.6003636852643741, 1.3418110576606917e-05], [1.696752120088766e-05, 2.5197404068305085e-07, 0.9999999998560198]], [[0.677496312076794, 0.7355261702497965, -1.0521447093797901e-07], [-0.7355261702297775, 0.6774963120593961, 7.282431042746871e-06], [5.427701031016124e-06, -4.856432177548254e-06, 0.9999999999734778]], [[0.7070196248254844, 0.7071939266009272, -1.7040967567886485e-05], [-0.7071939266531369, 0.7070196249685665, 3.7716985470381293e-06], [1.4715620804382316e-05, 9.384603876619567e-06, 0.9999999998476902]], [[0.7475173538219503, 0.6642422793917938, -1.8503056516347842e-06], [-0.6642422793476249, 0.7475173537994912, 9.781530740892204e-06], [7.880441859704523e-06, -6.082812732230232e-06, 0.999999999950449]], [[0.8016952665796329, 0.5977329667433182, -3.4702409945535124e-06], [-0.5977329667316632, 0.8016952665864819, 3.872268678884152e-06], [5.0966584247015625e-06, -1.0301020258361396e-06, 0.9999999999864816]], [[0.8472292488907323, 0.5312274463948464, -4.566829077490534e-06], [-0.5312274464073284, 0.847229248892622, -2.0958158194726188e-06], [2.755796283252246e-06, 4.201661411562634e-06, 0.9999999999873759]], [[0.9005758689311766, 0.4346988660996413, -1.051395475592779e-05], [-0.4346988659523847, 0.9005758689586649, 1.3749817807675214e-05], [1.544564415058664e-05, -7.812349910722365e-06, 0.9999999998501999]], [[0.912137422229813, 0.409884523942752, -4.191885031682354e-07], [-0.4098845239426829, 0.9121374222275025, -2.1088423189902167e-06], [-4.820243092854252e-07, 2.0953728767973055e-06, 0.9999999999976886]], [[0.9042583257399202, 0.4269858080777262, 5.499783461908707e-06], [-0.426985808100413, 0.9042583257374166, 3.924466009502268e-06], [-3.297533694842593e-06, -5.897060549031753e-06, 0.9999999999771756]], [[0.8761578778674247, 0.4820242452935402, 2.1017585717379284e-07], [-0.4820242452935258, 0.8761578778670138, 8.81843703870711e-07], [2.409228128219931e-07, -8.739441671296182e-07, 0.9999999999995892]], [[0.9316829411609231, 0.36327248333253187, 1.7742359646311743e-06], [-0.36327248333654044, 0.9316829411555043, 3.21447394788208e-06], [-4.852954481753042e-07, -3.6394016469477876e-06, 0.9999999999932598]]], "size": [[1.9960616827011108, 4.780343055725098, 1.7375937700271606], [2.0685062408447266, 5.001533031463623, 1.8223601579666138], [2.0847418308258057, 4.991306304931641, 1.8244656324386597], [2.0946927070617676, 5.058167457580566, 1.8704133033752441], [2.0401604175567627, 4.922862529754639, 1.8455144166946411], [2.0376930236816406, 4.907126426696777, 1.829052448272705], [1.9399516582489014, 4.522351264953613, 1.7383613586425781], [1.9966273307800293, 4.738532066345215, 1.7495214939117432], [1.9638546705245972, 4.6534905433654785, 1.7426365613937378], [1.9505444765090942, 4.593074798583984, 1.7739129066467285], [1.959949254989624, 4.649371147155762, 1.7271438837051392], [2.0089821815490723, 4.739869594573975, 1.830454707145691]]}